fecha_hora,station_id,lluvia_mm_5min
2026-01-11 13:10,200333,0.6
2026-01-11 13:15,200333,0.7
2026-01-11 13:20,200333,0.5
2026-01-11 13:25,200333,0.6
2026-01-11 22:26,200333,0.00
2026-01-11 22:33,200333,0.00
2026-01-11 22:37,200333,0.00
2026-01-11 17:47,200333,0.00
2026-01-11 17:54,200333,0.00
2026-01-11 17:58,200333,0.0
2026-01-11 18:10,200333,0.0
2026-01-11 18:30,200333,0.0
2026-01-11 18:42,200333,0.0
2026-01-11 18:50,200333,0.0
2026-01-11 18:58,200333,0.0
2026-01-11 20:43,200333,0.0
2026-01-11 22:26,200333,0.0
2026-01-11 23:34,200333,0.0
2026-01-12 00:06,200333,0.0
2026-01-12 00:41,200333,0.0
2026-01-12 00:57,200333,0.0
2026-01-12 01:32,200333,0.0
2026-01-12 02:01,200333,0.0
2026-01-12 02:35,200333,0.0
2026-01-12 02:50,200333,0.0
2026-01-12 02:57,200333,0.0
2026-01-12 03:28,200333,0.0
2026-01-12 03:57,200333,0.0
2026-01-12 04:28,200333,0.0
2026-01-12 04:54,200333,0.0
2026-01-12 05:14,200333,0.0
2026-01-12 05:44,200333,0.0
2026-01-12 05:57,200333,0.0
2026-01-12 06:19,200333,0.0
2026-01-12 06:36,200333,0.0
2026-01-12 06:47,200333,0.0
2026-01-12 06:54,200333,0.0
2026-01-12 07:25,200333,0.0
2026-01-12 08:13,200333,0.0
2026-01-12 08:53,200333,0.0
2026-01-12 09:13,200333,0.0
2026-01-12 09:46,200333,0.0
2026-01-12 10:01,200333,0.0
2026-01-12 10:33,200333,0.0
2026-01-12 10:52,200333,0.0
2026-01-12 11:13,200333,0.0
2026-01-12 11:45,200333,0.0
2026-01-12 12:02,200333,0.0
2026-01-12 12:32,200333,0.0
2026-01-12 12:47,200333,0.0
2026-01-12 12:55,200333,0.0
2026-01-12 13:19,200333,0.0
2026-01-12 13:51,200333,0.0
2026-01-12 14:11,200333,0.0
2026-01-12 14:30,200333,0.0
2026-01-12 14:42,200333,0.0
2026-01-12 14:50,200333,0.0
2026-01-12 14:56,200333,0.0
2026-01-12 15:19,200333,0.0
2026-01-12 15:42,200333,0.0
2026-01-12 15:55,200333,0.0
2026-01-12 16:12,200333,0.0
2026-01-12 16:33,200333,0.0
2026-01-12 16:46,200333,0.0
2026-01-12 16:54,200333,0.0
2026-01-12 17:10,200333,0.0
2026-01-12 17:32,200333,0.0
2026-01-12 17:46,200333,0.0
2026-01-12 17:54,200333,0.0
2026-01-12 18:09,200333,0.0
2026-01-12 18:26,200333,0.0
2026-01-12 18:37,200333,0.0
2026-01-12 18:46,200333,0.0
2026-01-12 18:53,200333,0.0
2026-01-12 19:00,200333,0.0
2026-01-12 21:02,200333,0.0
2026-01-12 22:43,200333,0.0
2026-01-12 23:27,200333,0.0
2026-01-12 23:57,200333,0.0
2026-01-13 00:22,200333,0.0
2026-01-13 00:45,200333,0.0
2026-01-13 00:55,200333,0.0
2026-01-13 01:22,200333,0.0
2026-01-13 01:54,200333,0.0
2026-01-13 02:15,200333,0.0
2026-01-13 02:38,200333,0.0
2026-01-13 02:49,200333,0.0
2026-01-13 02:56,200333,0.0
2026-01-13 03:25,200333,0.0
2026-01-13 03:52,200333,0.0
2026-01-13 04:16,200333,0.0
2026-01-13 04:43,200333,0.0
2026-01-13 04:56,200333,0.0
2026-01-13 05:19,200333,0.0
2026-01-13 05:45,200333,0.0
2026-01-13 05:58,200333,0.0
2026-01-13 06:20,200333,0.0
2026-01-13 06:37,200333,0.0
2026-01-13 06:48,200333,0.0
2026-01-13 06:54,200333,0.0
2026-01-13 07:25,200333,0.0
2026-01-13 08:13,200333,0.0
2026-01-13 08:52,200333,0.0
2026-01-13 09:13,200333,0.0
2026-01-13 09:44,200333,0.0
2026-01-13 10:00,200333,0.0
2026-01-13 10:31,200333,0.0
2026-01-13 10:51,200333,0.0
2026-01-13 11:14,200333,0.0
2026-01-13 11:50,200333,0.0
2026-01-13 12:15,200333,0.0
2026-01-13 12:44,200333,0.0
2026-01-13 12:57,200333,0.0
2026-01-13 13:27,200333,0.0
2026-01-13 13:54,200333,0.0
2026-01-13 14:12,200333,0.0
2026-01-13 14:30,200333,0.0
2026-01-13 14:40,200333,0.0
2026-01-13 14:48,200333,0.0
2026-01-13 14:55,200333,0.0
2026-01-13 15:16,200333,0.0
2026-01-13 15:41,200333,0.0
2026-01-13 15:55,200333,0.0
2026-01-13 16:12,200333,0.0
2026-01-13 16:34,200333,0.0
2026-01-13 16:47,200333,0.0
2026-01-13 16:55,200333,0.0
2026-01-13 17:14,200333,0.0
2026-01-13 17:40,200333,0.0
2026-01-13 17:53,200333,0.0
2026-01-13 18:09,200333,0.0
2026-01-13 18:29,200333,0.0
2026-01-13 18:41,200333,0.0
2026-01-13 18:50,200333,0.0
2026-01-13 18:57,200333,0.0
2026-01-13 20:27,200333,0.0
2026-01-13 22:21,200333,0.0
2026-01-13 23:30,200333,0.0
2026-01-13 23:59,200333,0.0
2026-01-14 00:26,200333,0.0
2026-01-14 00:47,200333,0.0
2026-01-14 00:56,200333,0.0
2026-01-14 01:27,200333,0.0
2026-01-14 01:56,200333,0.0
2026-01-14 02:21,200333,0.0
2026-01-14 02:42,200333,0.0
2026-01-14 02:52,200333,0.0
2026-01-14 02:59,200333,0.0
2026-01-14 03:34,200333,0.0
2026-01-14 03:58,200333,0.0
2026-01-14 04:28,200333,0.0
2026-01-14 04:51,200333,0.0
2026-01-14 05:00,200333,0.0
2026-01-14 05:32,200333,0.0
2026-01-14 05:53,200333,0.0
2026-01-14 06:11,200333,0.0
2026-01-14 06:33,200333,0.0
2026-01-14 06:46,200333,0.0
2026-01-14 06:54,200333,0.0
2026-01-14 07:20,200333,0.0
2026-01-14 08:11,200333,0.0
2026-01-14 08:50,200333,0.0
2026-01-14 09:13,200333,0.0
2026-01-14 09:43,200333,0.0
2026-01-14 09:59,200333,0.0
2026-01-14 10:29,200333,0.0
2026-01-14 10:47,200333,0.0
2026-01-14 10:58,200333,0.0
2026-01-14 11:31,200333,0.0
2026-01-14 11:59,200333,0.0
2026-01-14 12:28,200333,0.0
2026-01-14 12:51,200333,0.0
2026-01-14 13:00,200333,0.0
2026-01-14 13:40,200333,0.0
2026-01-14 13:59,200333,0.0
2026-01-14 14:22,200333,0.0
2026-01-14 14:36,200333,0.0
2026-01-14 14:46,200333,0.0
2026-01-14 14:53,200333,0.0
2026-01-14 14:59,200333,0.0
2026-01-14 15:25,200333,0.0
2026-01-14 15:42,200333,0.0
2026-01-14 15:54,200333,0.0
2026-01-14 16:10,200333,0.0
2026-01-14 16:33,200333,0.0
2026-01-14 16:48,200333,0.0
2026-01-14 16:56,200333,0.0
2026-01-14 17:16,200333,0.0
2026-01-14 17:41,200333,0.0
2026-01-14 17:54,200333,0.0
2026-01-14 18:10,200333,0.0
2026-01-14 18:27,200333,0.0
2026-01-14 18:38,200333,0.0
2026-01-14 18:47,200333,0.0
2026-01-14 18:54,200333,0.0
2026-01-14 19:54,200333,0.0
2026-01-14 21:52,200333,0.0
2026-01-14 22:58,200333,0.0
2026-01-14 23:39,200333,0.0
2026-01-15 00:02,200333,0.0
2026-01-15 00:34,200333,0.0
2026-01-15 00:51,200333,0.0
2026-01-15 00:59,200333,0.0
2026-01-15 01:36,200333,0.0
2026-01-15 01:59,200333,0.0
2026-01-15 02:28,200333,0.0
2026-01-15 02:45,200333,0.0
2026-01-15 02:54,200333,0.0
2026-01-15 03:15,200333,0.0
2026-01-15 03:47,200333,0.0
2026-01-15 04:03,200333,0.0
2026-01-15 04:36,200333,0.0
2026-01-15 04:53,200333,0.0
2026-01-15 05:00,200333,0.0
2026-01-15 05:31,200333,0.0
2026-01-15 05:51,200333,0.0
2026-01-15 06:00,200333,0.0
2026-01-15 06:26,200333,0.0
2026-01-15 06:39,200333,0.0
2026-01-15 06:49,200333,0.0
2026-01-15 06:56,200333,0.0
2026-01-15 07:36,200333,0.0
2026-01-15 08:24,200333,0.0
2026-01-15 08:54,200333,0.0
2026-01-15 09:16,200333,0.0
2026-01-15 09:44,200333,0.0
2026-01-15 09:58,200333,0.0
2026-01-15 10:27,200333,0.0
2026-01-15 10:53,200333,0.0
2026-01-15 11:18,200333,0.0
2026-01-15 11:57,200333,0.0
2026-01-15 12:29,200333,0.0
2026-01-15 12:58,200333,0.0
2026-01-15 13:34,200333,0.0
2026-01-15 14:03,200333,0.0
2026-01-15 14:34,200333,0.0
2026-01-15 14:48,200333,0.0
2026-01-15 14:57,200333,0.0
2026-01-15 15:21,200333,0.0
2026-01-15 15:43,200333,0.0
2026-01-15 15:56,200333,0.0
2026-01-15 16:16,200333,0.0
2026-01-15 16:35,200333,0.0
2026-01-15 16:48,200333,0.0
2026-01-15 16:55,200333,0.0
2026-01-15 17:15,200333,0.0
2026-01-15 17:39,200333,0.0
2026-01-15 17:52,200333,0.0
2026-01-15 17:59,200333,0.0
2026-01-15 18:23,200333,0.0
2026-01-15 18:38,200333,0.0
2026-01-15 18:48,200333,0.0
2026-01-15 18:55,200333,0.0
2026-01-15 20:09,200333,0.0
2026-01-15 22:05,200333,0.0
2026-01-15 23:07,200333,0.0
2026-01-15 23:49,200333,0.0
2026-01-16 00:13,200333,0.0
2026-01-16 00:42,200333,0.0
2026-01-16 00:54,200333,0.0
2026-01-16 01:17,200333,0.0
2026-01-16 01:52,200333,0.0
2026-01-16 02:13,200333,0.0
2026-01-16 02:36,200333,0.0
2026-01-16 02:48,200333,0.0
2026-01-16 02:56,200333,0.0
2026-01-16 03:20,200333,0.0
2026-01-16 03:48,200333,0.0
2026-01-16 04:02,200333,0.0
2026-01-16 04:35,200333,0.0
2026-01-16 04:51,200333,0.0
2026-01-16 04:59,200333,0.0
2026-01-16 05:26,200333,0.0
2026-01-16 05:47,200333,0.0
2026-01-16 05:58,200333,0.0
2026-01-16 06:19,200333,0.0
2026-01-16 06:35,200333,0.0
2026-01-16 06:47,200333,0.0
2026-01-16 06:54,200333,0.0
2026-01-16 07:22,200333,0.0
2026-01-16 08:09,200333,0.0
2026-01-16 08:48,200333,0.0
2026-01-16 09:00,200333,0.0
2026-01-16 09:30,200333,0.0
2026-01-16 09:51,200333,0.0
2026-01-16 10:01,200333,0.0
2026-01-16 10:31,200333,0.0
2026-01-16 10:49,200333,0.0
2026-01-16 10:58,200333,0.0
2026-01-16 11:30,200333,0.0
2026-01-16 11:55,200333,0.0
2026-01-16 12:18,200333,0.0
2026-01-16 12:42,200333,0.0
2026-01-16 12:54,200333,0.0
2026-01-16 13:18,200333,0.0
2026-01-16 13:51,200333,0.0
2026-01-16 14:10,200333,0.0
2026-01-16 14:28,200333,0.0
2026-01-16 14:37,200333,0.0
2026-01-16 14:44,200333,0.0
2026-01-16 14:52,200333,0.0
2026-01-16 14:58,200333,0.0
2026-01-16 15:22,200333,0.0
2026-01-16 15:39,200333,0.0
2026-01-16 15:51,200333,0.0
2026-01-16 15:58,200333,0.0
2026-01-16 16:21,200333,0.0
2026-01-16 16:38,200333,0.0
2026-01-16 16:49,200333,0.0
2026-01-16 16:56,200333,0.0
2026-01-16 17:16,200333,0.0
2026-01-16 17:39,200333,0.0
2026-01-16 17:51,200333,0.0
2026-01-16 17:58,200333,0.0
2026-01-16 18:19,200333,0.0
2026-01-16 18:35,200333,0.0
2026-01-16 18:46,200333,0.0
2026-01-16 18:53,200333,0.0
2026-01-16 19:42,200333,0.0
2026-01-16 21:28,200333,0.0
2026-01-16 22:43,200333,0.0
2026-01-16 23:18,200333,0.0
2026-01-16 23:46,200333,0.0
2026-01-16 23:59,200333,0.0
2026-01-17 00:22,200333,0.0
2026-01-17 00:40,200333,0.0
2026-01-17 00:50,200333,0.0
2026-01-17 00:58,200333,0.0
2026-01-17 01:29,200333,0.0
2026-01-17 01:52,200333,0.0
2026-01-17 02:00,200333,0.0
2026-01-17 02:25,200333,0.0
2026-01-17 02:37,200333,0.0
2026-01-17 02:45,200333,0.0
2026-01-17 02:52,200333,0.0
2026-01-17 02:59,200333,0.0
2026-01-17 03:30,200333,0.0
2026-01-17 03:50,200333,0.0
2026-01-17 03:58,200333,0.0
2026-01-17 04:20,200333,0.0
2026-01-17 04:35,200333,0.0
2026-01-17 04:46,200333,0.0
2026-01-17 04:53,200333,0.0
2026-01-17 05:00,200333,0.0
2026-01-17 05:24,200333,0.0
2026-01-17 05:41,200333,0.0
2026-01-17 05:51,200333,0.0
2026-01-17 05:59,200333,0.0
2026-01-17 06:18,200333,0.0
2026-01-17 06:30,200333,0.0
2026-01-17 06:40,200333,0.0
2026-01-17 06:48,200333,0.0
2026-01-17 06:54,200333,0.0
2026-01-17 07:21,200333,0.0
2026-01-17 08:02,200333,0.0
2026-01-17 08:35,200333,0.0
2026-01-17 08:47,200333,0.0
2026-01-17 08:54,200333,0.0
2026-01-17 09:09,200333,0.0
2026-01-17 09:31,200333,0.0
2026-01-17 09:45,200333,0.0
2026-01-17 09:52,200333,0.0
2026-01-17 09:59,200333,0.0
2026-01-17 10:21,200333,0.0
2026-01-17 10:37,200333,0.0
2026-01-17 10:46,200333,0.0
2026-01-17 10:54,200333,0.0
2026-01-17 11:10,200333,0.0
2026-01-17 11:35,200333,0.0
2026-01-17 11:49,200333,0.0
2026-01-17 11:57,200333,0.0
2026-01-17 12:14,200333,0.0
2026-01-17 12:31,200333,0.0
2026-01-17 12:43,200333,0.0
2026-01-17 12:50,200333,0.0
2026-01-17 12:56,200333,0.0
2026-01-17 13:22,200333,0.0
2026-01-17 13:46,200333,0.0
2026-01-17 13:58,200333,0.0
2026-01-17 14:14,200333,0.0
2026-01-17 14:27,200333,0.0
2026-01-17 14:36,200333,0.0
2026-01-17 14:43,200333,0.0
2026-01-17 14:49,200333,0.0
2026-01-17 14:56,200333,0.0
2026-01-17 15:16,200333,0.0
2026-01-17 15:35,200333,0.0
2026-01-17 15:47,200333,0.0
2026-01-17 15:54,200333,0.0
2026-01-17 16:09,200333,0.0
2026-01-17 16:28,200333,0.0
2026-01-17 16:39,200333,0.0
2026-01-17 16:47,200333,0.0
2026-01-17 16:54,200333,0.0
2026-01-17 17:09,200333,0.0
2026-01-17 17:32,200333,0.0
2026-01-17 17:46,200333,0.0
2026-01-17 17:53,200333,0.0
2026-01-17 18:08,200333,0.0
2026-01-17 18:29,200333,0.0
2026-01-17 18:41,200333,0.0
2026-01-17 18:49,200333,0.0
2026-01-17 18:56,200333,0.0
2026-01-17 20:16,200333,0.0
2026-01-17 22:16,200333,0.0
2026-01-17 23:14,200333,0.0
2026-01-17 23:52,200333,0.0
2026-01-18 00:13,200333,0.0
2026-01-18 00:37,200333,0.0
2026-01-18 00:50,200333,0.0
2026-01-18 00:57,200333,0.0
2026-01-18 01:28,200333,0.0
2026-01-18 01:53,200333,0.0
2026-01-18 02:10,200333,0.0
2026-01-18 02:31,200333,0.0
2026-01-18 02:41,200333,0.0
2026-01-18 02:49,200333,0.0
2026-01-18 02:56,200333,0.0
2026-01-18 03:18,200333,0.0
2026-01-18 03:43,200333,0.0
2026-01-18 03:56,200333,0.0
2026-01-18 04:15,200333,0.0
2026-01-18 04:34,200333,0.0
2026-01-18 04:46,200333,0.0
2026-01-18 04:53,200333,0.0
2026-01-18 05:00,200333,0.0
2026-01-18 05:26,200333,0.0
2026-01-18 05:43,200333,0.0
2026-01-18 05:52,200333,0.0
2026-01-18 05:58,200333,0.0
2026-01-18 06:17,200333,0.0
2026-01-18 06:30,200333,0.0
2026-01-18 06:39,200333,0.0
2026-01-18 06:47,200333,0.0
2026-01-18 06:54,200333,0.0
2026-01-18 07:17,200333,0.0
2026-01-18 08:01,200333,0.0
2026-01-18 08:34,200333,0.0
2026-01-18 08:48,200333,0.0
2026-01-18 08:55,200333,0.0
2026-01-18 09:12,200333,0.0
2026-01-18 09:32,200333,0.0
2026-01-18 09:45,200333,0.0
2026-01-18 09:52,200333,0.0
2026-01-18 09:58,200333,0.0
2026-01-18 10:20,200333,0.0
2026-01-18 10:35,200333,0.0
2026-01-18 10:45,200333,0.0
2026-01-18 10:53,200333,0.0
2026-01-18 11:00,200333,0.0
2026-01-18 11:29,200333,0.0
2026-01-18 11:48,200333,0.0
2026-01-18 11:56,200333,0.0
2026-01-18 12:13,200333,0.0
2026-01-18 12:32,200333,0.0
2026-01-18 12:44,200333,0.0
2026-01-18 12:52,200333,0.0
2026-01-18 12:59,200333,0.0
2026-01-18 13:30,200333,0.0
2026-01-18 13:50,200333,0.0
2026-01-18 13:58,200333,0.0
2026-01-18 14:15,200333,0.0
2026-01-18 14:28,200333,0.0
2026-01-18 14:37,200333,0.0
2026-01-18 14:44,200333,0.0
2026-01-18 14:51,200333,0.0
2026-01-18 14:58,200333,0.0
2026-01-18 15:23,200333,0.0
2026-01-18 15:40,200333,0.0
2026-01-18 15:50,200333,0.0
2026-01-18 15:57,200333,0.0
2026-01-18 16:15,200333,0.0
2026-01-18 16:31,200333,0.0
2026-01-18 16:42,200333,0.0
2026-01-18 16:49,200333,0.0
2026-01-18 16:56,200333,0.0
2026-01-18 17:13,200333,0.0
2026-01-18 17:34,200333,0.0
2026-01-18 17:47,200333,0.0
2026-01-18 17:54,200333,0.0
2026-01-18 18:10,200333,0.0
2026-01-18 18:30,200333,0.0
2026-01-18 18:42,200333,0.0
2026-01-18 18:51,200333,0.0
2026-01-18 18:57,200333,0.0
2026-01-18 20:42,200333,0.0
2026-01-18 22:27,200333,0.0
2026-01-18 23:36,200333,0.0
2026-01-19 00:08,200333,0.0
2026-01-19 00:46,200333,0.0
2026-01-19 01:00,200333,0.0
2026-01-19 01:48,200333,0.0
2026-01-19 02:18,200333,0.0
2026-01-19 02:44,200333,0.0
2026-01-19 02:56,200333,0.0
2026-01-19 03:25,200333,0.0
2026-01-19 03:55,200333,0.0
2026-01-19 04:25,200333,0.0
2026-01-19 04:54,200333,0.0
2026-01-19 05:18,200333,0.0
2026-01-19 05:49,200333,0.0
2026-01-19 06:02,200333,0.0
2026-01-19 06:29,200333,0.0
2026-01-19 06:45,200333,0.0
2026-01-19 06:54,200333,0.0
2026-01-19 07:22,200333,0.0
2026-01-19 08:14,200333,0.0
2026-01-19 08:54,200333,0.0
2026-01-19 09:18,200333,0.0
2026-01-19 09:48,200333,0.0
2026-01-19 10:01,200333,0.0
2026-01-19 10:35,200333,0.0
2026-01-19 10:53,200333,0.0
2026-01-19 11:13,200333,0.0
2026-01-19 11:48,200333,0.0
2026-01-19 12:04,200333,0.0
2026-01-19 12:32,200333,0.0
2026-01-19 12:49,200333,0.0
2026-01-19 12:57,200333,0.0
2026-01-19 13:29,200333,0.0
2026-01-19 13:55,200333,0.0
2026-01-19 14:14,200333,0.0
2026-01-19 14:30,200333,0.0
2026-01-19 14:41,200333,0.0
2026-01-19 14:50,200333,0.0
2026-01-19 14:57,200333,0.0
2026-01-19 15:20,200333,0.0
2026-01-19 15:41,200333,0.0
2026-01-19 15:53,200333,0.0
2026-01-19 16:01,200333,0.0
2026-01-19 16:27,200333,0.0
2026-01-19 16:40,200333,0.0
2026-01-19 16:50,200333,0.0
2026-01-19 16:57,200333,0.0
2026-01-19 17:19,200333,0.0
2026-01-19 17:41,200333,0.0
2026-01-19 17:53,200333,0.0
2026-01-19 18:00,200333,0.0
2026-01-19 18:27,200333,0.0
2026-01-19 18:41,200333,0.0
2026-01-19 18:51,200333,0.0
2026-01-19 18:58,200333,0.0
2026-01-19 20:45,200333,0.0
2026-01-19 22:23,200333,0.0
2026-01-19 23:28,200333,0.0
2026-01-20 00:02,200333,0.0
2026-01-20 00:37,200333,0.0
2026-01-20 00:56,200333,0.0
2026-01-20 01:26,200333,0.0
2026-01-20 02:00,200333,0.0
2026-01-20 02:31,200333,0.0
2026-01-20 02:50,200333,0.0
2026-01-20 02:58,200333,0.0
2026-01-20 03:33,200333,0.0
2026-01-20 04:00,200333,0.0
2026-01-20 04:38,200333,0.0
2026-01-20 04:57,200333,0.0
2026-01-20 05:26,200333,0.0
2026-01-20 05:52,200333,0.0
2026-01-20 06:13,200333,0.0
2026-01-20 06:35,200333,0.0
2026-01-20 06:49,200333,0.0
2026-01-20 06:58,200333,0.0
2026-01-20 07:47,200333,0.0
2026-01-20 08:35,200333,0.0
2026-01-20 09:03,200333,0.0
2026-01-20 09:42,200333,0.0
2026-01-20 10:02,200333,0.0
2026-01-20 10:39,200333,0.0
2026-01-20 11:00,200333,0.0
2026-01-20 11:41,200333,0.0
2026-01-20 12:03,200333,0.0
2026-01-20 12:39,200333,0.0
2026-01-20 12:57,200333,0.0
2026-01-20 13:31,200333,0.0
2026-01-20 14:47,200333,0.0
2026-01-20 15:34,200333,0.0
2026-01-20 15:56,200333,0.0
2026-01-20 16:17,200333,0.0
2026-01-20 16:37,200333,0.0
2026-01-20 16:47,200333,0.0
2026-01-20 16:54,200333,0.0
2026-01-20 17:13,200333,0.0
2026-01-20 17:36,200333,0.0
2026-01-20 17:48,200333,0.0
2026-01-20 17:55,200333,0.0
2026-01-20 18:14,200333,0.0
2026-01-20 18:36,200333,0.0
2026-01-20 18:49,200333,0.0
2026-01-20 18:57,200333,0.0
2026-01-20 20:23,200333,0.0
2026-01-20 22:12,200333,0.0
2026-01-20 23:14,200333,0.0
2026-01-20 23:56,200333,0.0
2026-01-21 00:23,200333,0.0
2026-01-21 00:48,200333,0.0
2026-01-21 00:59,200333,0.0
2026-01-21 01:41,200333,0.0
2026-01-21 02:05,200333,0.0
2026-01-21 02:38,200333,0.0
2026-01-21 02:53,200333,0.0
2026-01-21 03:16,200333,0.0
2026-01-21 03:49,200333,0.0
2026-01-21 04:18,200333,0.0
2026-01-21 04:48,200333,0.0
2026-01-21 05:01,200333,0.0
2026-01-21 05:38,200333,0.0
2026-01-21 05:59,200333,0.0
2026-01-21 06:26,200333,0.0
2026-01-21 06:44,200333,0.0
2026-01-21 06:54,200333,0.0
2026-01-21 07:26,200333,0.0
2026-01-21 08:24,200333,0.0
2026-01-21 08:59,200333,0.0
2026-01-21 09:34,200333,0.0
2026-01-21 10:00,200333,0.0
2026-01-21 10:37,200333,0.0
2026-01-21 11:01,200333,0.0
2026-01-21 12:05,200333,0.0
2026-01-21 13:01,200333,0.0
2026-01-21 13:54,200333,0.0
2026-01-21 14:19,200333,0.0
2026-01-21 14:44,200333,0.0
2026-01-21 15:02,200333,0.0
2026-01-21 15:41,200333,0.0
2026-01-21 16:01,200333,0.0
2026-01-21 16:35,200333,0.0
2026-01-21 16:54,200333,0.0
2026-01-21 17:13,200333,0.0
2026-01-21 17:45,200333,0.0
2026-01-21 18:00,200333,0.0
2026-01-21 18:29,200333,0.0
2026-01-21 18:48,200333,0.0
2026-01-21 18:59,200333,0.0
2026-01-21 20:54,200333,0.0
2026-01-21 22:29,200333,0.0
2026-01-21 23:34,200333,0.0
2026-01-22 00:04,200333,0.0
2026-01-22 00:39,200333,0.0
2026-01-22 00:56,200333,0.0
2026-01-22 01:25,200333,0.0
2026-01-22 01:57,200333,0.0
2026-01-22 02:26,200333,0.0
2026-01-22 02:47,200333,0.0
2026-01-22 02:57,200333,0.0
2026-01-22 03:27,200333,0.0
2026-01-22 03:57,200333,0.0
2026-01-22 04:29,200333,0.0
2026-01-22 04:55,200333,0.0
2026-01-22 05:17,200333,0.0
2026-01-22 05:48,200333,0.0
2026-01-22 06:02,200333,0.0
2026-01-22 06:30,200333,0.0
2026-01-22 06:46,200333,0.0
2026-01-22 06:57,200333,0.0
2026-01-22 07:40,200333,0.0
2026-01-22 08:31,200333,0.0
2026-01-22 09:02,200333,0.0
2026-01-22 10:00,200333,0.0
2026-01-22 10:37,200333,0.0
2026-01-22 10:58,200333,0.0
2026-01-22 11:37,200333,0.0
2026-01-22 12:02,200333,0.0
2026-01-22 12:38,200333,0.0
2026-01-22 12:57,200333,0.0
2026-01-22 13:28,200333,0.0
2026-01-22 13:58,200333,0.0
2026-01-22 14:25,200333,0.0
2026-01-22 14:42,200333,0.0
2026-01-22 14:53,200333,0.0
2026-01-22 15:00,200333,0.0
2026-01-22 15:32,200333,0.0
2026-01-22 15:52,200333,0.0
2026-01-22 16:11,200333,0.0
2026-01-22 16:36,200333,0.0
2026-01-22 16:51,200333,0.0
2026-01-22 16:59,200333,0.0
2026-01-22 17:26,200333,0.0
2026-01-22 17:46,200333,0.0
2026-01-22 17:57,200333,0.0
2026-01-22 18:19,200333,0.0
2026-01-22 18:38,200333,0.0
2026-01-22 18:50,200333,0.0
2026-01-22 18:57,200333,0.0
2026-01-22 20:23,200333,0.0
2026-01-22 22:12,200333,0.0
2026-01-22 23:12,200333,0.0
2026-01-22 23:53,200333,0.0
2026-01-23 00:18,200333,0.0
2026-01-23 00:46,200333,0.0
2026-01-23 00:57,200333,0.0
2026-01-23 01:30,200333,0.0
2026-01-23 01:59,200333,0.0
2026-01-23 02:27,200333,0.0
2026-01-23 02:45,200333,0.0
2026-01-23 02:54,200333,0.0
2026-01-23 03:16,200333,0.0
2026-01-23 03:48,200333,0.0
2026-01-23 04:04,200333,0.0
2026-01-23 04:39,200333,0.0
2026-01-23 04:55,200333,0.0
2026-01-23 05:16,200333,0.0
2026-01-23 05:46,200333,0.0
2026-01-23 06:00,200333,0.0
2026-01-23 06:25,200333,0.0
2026-01-23 06:41,200333,0.0
2026-01-23 06:52,200333,0.0
2026-01-23 06:59,200333,0.0
2026-01-23 07:55,200333,0.0
2026-01-23 08:37,200333,0.0
2026-01-23 09:00,200333,0.0
2026-01-23 09:31,200333,0.0
2026-01-23 09:54,200333,0.0
2026-01-23 10:14,200333,0.0
2026-01-23 10:42,200333,0.0
2026-01-23 10:57,200333,0.0
2026-01-23 11:28,200333,0.0
2026-01-23 11:56,200333,0.0
2026-01-23 12:22,200333,0.0
2026-01-23 12:42,200333,0.0
2026-01-23 12:54,200333,0.0
2026-01-23 13:16,200333,0.0
2026-01-23 13:52,200333,0.0
2026-01-23 14:14,200333,0.0
2026-01-23 14:33,200333,0.0
2026-01-23 14:44,200333,0.0
2026-01-23 14:52,200333,0.0
2026-01-23 15:00,200333,0.0
2026-01-23 15:30,200333,0.0
2026-01-23 15:49,200333,0.0
2026-01-23 15:59,200333,0.0
2026-01-23 16:24,200333,0.0
2026-01-23 16:39,200333,0.0
2026-01-23 16:50,200333,0.0
2026-01-23 16:57,200333,0.0
2026-01-23 17:16,200333,0.0
2026-01-23 17:37,200333,0.0
2026-01-23 17:49,200333,0.0
2026-01-23 17:56,200333,0.0
2026-01-23 18:16,200333,0.0
2026-01-23 18:35,200333,0.0
2026-01-23 18:47,200333,0.0
2026-01-23 18:54,200333,0.0
2026-01-23 19:56,200333,0.0
2026-01-23 21:51,200333,0.0
2026-01-23 22:53,200333,0.0
2026-01-23 23:24,200333,0.0
2026-01-23 23:51,200333,0.0
2026-01-24 00:02,200333,0.0
2026-01-24 00:30,200333,0.0
2026-01-24 00:46,200333,0.0
2026-01-24 00:53,200333,0.0
2026-01-24 01:15,200333,0.0
2026-01-24 01:48,200333,0.0
2026-01-24 02:00,200333,0.0
2026-01-24 02:24,200333,0.0
2026-01-24 02:37,200333,0.0
2026-01-24 02:45,200333,0.0
2026-01-24 02:52,200333,0.0
2026-01-24 02:59,200333,0.0
2026-01-24 03:31,200333,0.0
2026-01-24 03:51,200333,0.0
2026-01-24 03:59,200333,0.0
2026-01-24 04:24,200333,0.0
2026-01-24 04:39,200333,0.0
2026-01-24 04:48,200333,0.0
2026-01-24 04:55,200333,0.0
2026-01-24 05:13,200333,0.0
2026-01-24 05:37,200333,0.0
2026-01-24 05:49,200333,0.0
2026-01-24 05:56,200333,0.0
2026-01-24 06:13,200333,0.0
2026-01-24 06:28,200333,0.0
2026-01-24 06:39,200333,0.0
2026-01-24 06:46,200333,0.0
2026-01-24 06:54,200333,0.0
2026-01-24 07:18,200333,0.0
2026-01-24 08:03,200333,0.0
2026-01-24 08:37,200333,0.0
2026-01-24 08:50,200333,0.0
2026-01-24 08:57,200333,0.0
2026-01-24 09:17,200333,0.0
2026-01-24 09:37,200333,0.0
2026-01-24 09:49,200333,0.0
2026-01-24 09:56,200333,0.0
2026-01-24 10:14,200333,0.0
2026-01-24 10:32,200333,0.0
2026-01-24 10:44,200333,0.0
2026-01-24 10:52,200333,0.0
2026-01-24 10:58,200333,0.0
2026-01-24 11:25,200333,0.0
2026-01-24 11:46,200333,0.0
2026-01-24 11:57,200333,0.0
2026-01-24 12:15,200333,0.0
2026-01-24 12:33,200333,0.0
2026-01-24 12:45,200333,0.0
2026-01-24 12:52,200333,0.0
2026-01-24 12:59,200333,0.0
2026-01-24 13:32,200333,0.0
2026-01-24 13:53,200333,0.0
2026-01-24 14:07,200333,0.0
2026-01-24 14:25,200333,0.0
2026-01-24 14:35,200333,0.0
2026-01-24 14:43,200333,0.0
2026-01-24 14:50,200333,0.0
2026-01-24 14:57,200333,0.0
2026-01-24 15:18,200333,0.0
2026-01-24 15:37,200333,0.0
2026-01-24 15:48,200333,0.0
2026-01-24 15:56,200333,0.0
2026-01-24 16:12,200333,0.0
2026-01-24 16:29,200333,0.0
2026-01-24 16:41,200333,0.0
2026-01-24 16:48,200333,0.0
2026-01-24 16:55,200333,0.0
2026-01-24 17:12,200333,0.0
2026-01-24 17:34,200333,0.0
2026-01-24 17:47,200333,0.0
2026-01-24 17:54,200333,0.0
2026-01-24 18:09,200333,0.0
2026-01-24 18:30,200333,0.0
2026-01-24 18:42,200333,0.0
2026-01-24 18:50,200333,0.0
2026-01-24 18:57,200333,0.0
2026-01-24 20:43,200333,0.0
2026-01-24 22:32,200333,0.0
2026-01-24 23:38,200333,0.0
2026-01-25 00:06,200333,0.0
2026-01-25 00:39,200333,0.0
2026-01-25 00:54,200333,0.0
2026-01-25 01:18,200333,0.0
2026-01-25 01:51,200333,0.0
2026-01-25 02:11,200333,0.0
2026-01-25 02:32,200333,0.0
2026-01-25 02:44,200333,0.0
2026-01-25 02:51,200333,0.0
2026-01-25 02:58,200333,0.0
2026-01-25 03:27,200333,0.0
2026-01-25 03:48,200333,0.0
2026-01-25 03:59,200333,0.0
2026-01-25 04:24,200333,0.0
2026-01-25 04:40,200333,0.0
2026-01-25 04:50,200333,0.0
2026-01-25 04:57,200333,0.0
2026-01-25 05:19,200333,0.0
2026-01-25 05:42,200333,0.0
2026-01-25 05:53,200333,0.0
2026-01-25 06:00,200333,0.0
2026-01-25 06:22,200333,0.0
2026-01-25 06:33,200333,0.0
2026-01-25 06:43,200333,0.0
2026-01-25 06:51,200333,0.0
2026-01-25 06:57,200333,0.0
2026-01-25 07:38,200333,0.0
2026-01-25 08:19,200333,0.0
2026-01-25 08:45,200333,0.0
2026-01-25 08:56,200333,0.0
2026-01-25 09:13,200333,0.0
2026-01-25 09:34,200333,0.0
2026-01-25 09:48,200333,0.0
2026-01-25 09:54,200333,0.0
2026-01-25 10:11,200333,0.0
2026-01-25 10:32,200333,0.0
2026-01-25 10:44,200333,0.0
2026-01-25 10:52,200333,0.0
2026-01-25 11:00,200333,0.0
2026-01-25 11:31,200333,0.0
2026-01-25 11:50,200333,0.0
2026-01-25 11:59,200333,0.0
2026-01-25 12:20,200333,0.0
2026-01-25 12:37,200333,0.0
2026-01-25 12:48,200333,0.0
2026-01-25 12:55,200333,0.0
2026-01-25 13:18,200333,0.0
2026-01-25 13:47,200333,0.0
2026-01-25 13:59,200333,0.0
2026-01-25 14:19,200333,0.0
2026-01-25 14:31,200333,0.0
2026-01-25 14:41,200333,0.0
2026-01-25 14:48,200333,0.0
2026-01-25 14:55,200333,0.0
2026-01-25 15:15,200333,0.0
2026-01-25 15:38,200333,0.0
2026-01-25 15:51,200333,0.0
2026-01-25 15:58,200333,0.0
2026-01-25 16:18,200333,0.0
2026-01-25 16:33,200333,0.0
2026-01-25 16:44,200333,0.0
2026-01-25 16:51,200333,0.0
2026-01-25 16:58,200333,0.0
2026-01-25 17:20,200333,0.0
2026-01-25 17:40,200333,0.0
2026-01-25 17:52,200333,0.0
2026-01-25 17:58,200333,0.0
2026-01-25 18:21,200333,0.0
2026-01-25 18:37,200333,0.0
2026-01-25 18:48,200333,0.0
2026-01-25 18:55,200333,0.0
2026-01-25 20:05,200333,0.0
2026-01-25 22:21,200333,0.0
2026-01-25 23:35,200333,0.0
2026-01-26 00:09,200333,0.0
2026-01-26 00:47,200333,0.0
2026-01-26 01:00,200333,0.0
2026-01-26 01:44,200333,0.0
2026-01-26 02:05,200333,0.0
2026-01-26 02:37,200333,0.0
2026-01-26 02:52,200333,0.0
2026-01-26 02:59,200333,0.0
2026-01-26 03:36,200333,0.0
2026-01-26 04:01,200333,0.0
2026-01-26 04:43,200333,0.0
2026-01-26 05:00,200333,0.0
2026-01-26 05:31,200333,0.0
2026-01-26 05:54,200333,0.0
2026-01-26 06:13,200333,0.0
2026-01-26 06:33,200333,0.0
2026-01-26 06:45,200333,0.0
2026-01-26 06:54,200333,0.0
2026-01-26 07:22,200333,0.0
2026-01-26 08:13,200333,0.0
2026-01-26 08:54,200333,0.0
2026-01-26 09:18,200333,0.0
2026-01-26 09:49,200333,0.0
2026-01-26 10:15,200333,0.0
2026-01-26 10:45,200333,0.0
2026-01-26 11:01,200333,0.0
2026-01-26 11:42,200333,0.0
2026-01-26 12:05,200333,0.0
2026-01-26 12:39,200333,0.0
2026-01-26 12:57,200333,0.0
2026-01-26 13:30,200333,0.0
2026-01-26 14:00,200333,0.0
2026-01-26 14:29,200333,0.0
2026-01-26 14:44,200333,0.0
2026-01-26 14:54,200333,0.0
2026-01-26 15:14,200333,0.0
2026-01-26 15:43,200333,0.0
2026-01-26 15:58,200333,0.0
2026-01-26 16:22,200333,0.0
2026-01-26 16:42,200333,0.0
2026-01-26 16:55,200333,0.0
2026-01-26 17:14,200333,0.0
2026-01-26 17:41,200333,0.0
2026-01-26 17:54,200333,0.0
2026-01-26 18:13,200333,0.0
2026-01-26 18:35,200333,0.0
2026-01-26 18:49,200333,0.0
2026-01-26 18:57,200333,0.0
2026-01-26 20:42,200333,0.0
2026-01-26 22:26,200333,0.0
2026-01-26 23:31,200333,0.0
2026-01-27 00:02,200333,0.0
2026-01-27 00:36,200333,0.0
2026-01-27 00:54,200333,0.0
2026-01-27 01:18,200333,0.0
2026-01-27 01:55,200333,0.0
2026-01-27 02:22,200333,0.0
2026-01-27 02:45,200333,0.0
2026-01-27 02:55,200333,0.0
2026-01-27 03:23,200333,0.0
2026-01-27 03:53,200333,0.0
2026-01-27 04:19,200333,0.0
2026-01-27 04:49,200333,0.0
2026-01-27 05:01,200333,0.0
2026-01-27 05:38,200333,0.0
2026-01-27 05:59,200333,0.0
2026-01-27 06:24,200333,0.0
2026-01-27 06:42,200333,0.0
2026-01-27 06:54,200333,0.0
2026-01-27 07:26,200333,0.0
2026-01-27 08:26,200333,0.0
2026-01-27 09:01,200333,0.0
2026-01-27 09:38,200333,0.0
2026-01-27 10:01,200333,0.0
2026-01-27 10:38,200333,0.0
2026-01-27 10:54,200333,0.0
2026-01-27 11:18,200333,0.0
2026-01-27 11:51,200333,0.0
2026-01-27 12:17,200333,0.0
2026-01-27 12:46,200333,0.0
2026-01-27 13:00,200333,0.0
2026-01-27 13:44,200333,0.0
2026-01-27 14:15,200333,0.0
2026-01-27 14:41,200333,0.0
2026-01-27 14:55,200333,0.0
2026-01-27 15:14,200333,0.0
2026-01-27 15:38,200333,0.0
2026-01-27 15:53,200333,0.0
2026-01-27 16:01,200333,0.0
2026-01-27 16:26,200333,0.0
2026-01-27 16:40,200333,0.0
2026-01-27 16:51,200333,0.0
2026-01-27 16:58,200333,0.0
2026-01-27 17:23,200333,0.0
2026-01-27 17:42,200333,0.0
2026-01-27 17:54,200333,0.0
2026-01-27 18:12,200333,0.0
2026-01-27 18:34,200333,0.0
2026-01-27 18:48,200333,0.0
2026-01-27 18:56,200333,0.0
2026-01-27 20:21,200333,0.0
2026-01-27 22:15,200333,0.0
2026-01-27 23:14,200333,0.0
2026-01-27 23:55,200333,0.0
2026-01-28 00:22,200333,0.0
2026-01-28 00:48,200333,0.0
2026-01-28 00:59,200333,0.0
2026-01-28 01:41,200333,0.0
2026-01-28 02:03,200333,0.0
2026-01-28 02:35,200333,0.0
2026-01-28 02:51,200333,0.0
2026-01-28 02:58,200333,0.0
2026-01-28 03:32,200333,0.0
2026-01-28 04:01,200333,0.0
2026-01-28 04:40,200333,0.0
2026-01-28 04:59,200333,0.0
2026-01-28 05:32,200333,0.0
2026-01-28 05:56,200333,0.0
2026-01-28 06:19,200333,0.0
2026-01-28 06:39,200333,0.0
2026-01-28 06:52,200333,0.0
2026-01-28 06:59,200333,0.0
2026-01-28 07:54,200333,0.0
2026-01-28 08:40,200333,0.0
2026-01-28 09:05,200333,0.0
2026-01-28 09:46,200333,0.0
2026-01-28 10:16,200333,0.0
2026-01-28 10:51,200333,0.0
2026-01-28 11:19,200333,0.0
2026-01-28 11:59,200333,0.0
2026-01-28 12:35,200333,0.0
2026-01-28 12:58,200333,0.0
2026-01-28 13:38,200333,0.0
2026-01-28 14:03,200333,0.0
2026-01-28 14:38,200333,0.0
2026-01-28 14:54,200333,0.0
2026-01-28 15:17,200333,0.0
2026-01-28 15:51,200333,0.0
2026-01-28 16:16,200333,0.0
2026-01-28 16:46,200333,0.0
2026-01-28 17:01,200333,0.0
2026-01-28 17:34,200333,0.0
2026-01-28 17:57,200333,0.0
2026-01-28 18:23,200333,0.0
2026-01-28 18:44,200333,0.0
2026-01-28 18:58,200333,0.0
2026-01-28 20:54,200333,0.0
2026-01-28 22:59,200333,0.0
2026-01-29 00:07,200333,0.0
2026-01-29 00:56,200333,0.0
2026-01-29 01:39,200333,0.0
2026-01-29 02:28,200333,0.0
2026-01-29 02:59,200333,0.0
2026-01-29 03:45,200333,0.0
2026-01-29 04:26,200333,0.0
2026-01-29 05:03,200333,0.0
2026-01-29 05:50,200333,0.0
2026-01-29 06:20,200333,0.0
2026-01-29 06:48,200333,0.0
2026-01-29 07:02,200333,0.0
2026-01-29 08:17,200333,0.0
2026-01-29 09:06,200333,0.0
2026-01-29 09:53,200333,0.0
2026-01-29 10:22,200333,0.0
2026-01-29 10:56,200333,0.0
2026-01-29 11:36,200333,0.0
2026-01-29 12:19,200333,0.0
2026-01-29 12:56,200333,0.0
2026-01-29 13:35,200333,0.0
2026-01-29 14:17,200333,0.0
2026-01-29 14:46,200333,0.0
2026-01-29 15:01,200333,0.0
2026-01-29 15:39,200333,0.0
2026-01-29 15:57,200333,0.0
2026-01-29 16:25,200333,0.0
2026-01-29 16:48,200333,0.0
2026-01-29 17:01,200333,0.0
2026-01-29 17:35,200333,0.0
2026-01-29 17:57,200333,0.0
2026-01-29 18:24,200333,0.0
2026-01-29 18:46,200333,0.0
2026-01-29 18:58,200333,0.0
2026-01-29 21:00,200333,0.0
2026-01-29 23:12,200333,0.0
2026-01-30 00:14,200333,0.0
2026-01-30 01:01,200333,0.0
2026-01-30 02:01,200333,0.0
2026-01-30 02:45,200333,0.0
2026-01-30 03:04,200333,0.0
2026-01-30 03:54,200333,0.0
2026-01-30 04:27,200333,0.0
2026-01-30 05:01,200333,0.0
2026-01-30 05:44,200333,0.0
2026-01-30 06:16,200333,0.0
2026-01-30 06:44,200333,0.0
2026-01-30 06:58,200333,0.0
2026-01-30 07:56,200333,0.0
2026-01-30 08:52,200333,0.0
2026-01-30 09:23,200333,0.0
2026-01-30 09:59,200333,0.0
2026-01-30 10:36,200333,0.0
2026-01-30 11:03,200333,0.0
2026-01-30 11:53,200333,0.0
2026-01-30 12:23,200333,0.0
2026-01-30 12:55,200333,0.0
2026-01-30 13:31,200333,0.0
2026-01-30 14:08,200333,0.0
2026-01-30 14:43,200333,0.0
2026-01-30 14:58,200333,0.0
2026-01-30 15:31,200333,0.0
2026-01-30 15:56,200333,0.0
2026-01-30 16:22,200333,0.0
2026-01-30 16:45,200333,0.0
2026-01-30 16:56,200333,0.0
2026-01-30 17:18,200333,0.0
2026-01-30 17:47,200333,0.0
2026-01-30 18:02,200333,0.0
2026-01-30 18:34,200333,0.0
2026-01-30 18:52,200333,0.0
2026-01-30 19:01,200333,0.0
2026-01-30 21:36,200333,0.0
2026-01-30 23:16,200333,0.0
2026-01-31 00:10,200333,0.0
2026-01-31 00:52,200333,0.0
2026-01-31 01:20,200333,0.0
2026-01-31 02:00,200333,0.0
2026-01-31 02:33,200333,0.0
2026-01-31 02:51,200333,0.0
2026-01-31 02:59,200333,0.0
2026-01-31 03:33,200333,0.0
2026-01-31 03:58,200333,0.0
2026-01-31 04:26,200333,0.0
2026-01-31 04:49,200333,0.0
2026-01-31 04:59,200333,0.0
2026-01-31 05:29,200333,0.0
2026-01-31 05:51,200333,0.0
2026-01-31 06:01,200333,0.0
2026-01-31 06:28,200333,0.0
2026-01-31 06:42,200333,0.0
2026-01-31 06:53,200333,0.0
2026-01-31 07:00,200333,0.0
2026-01-31 07:56,200333,0.0
2026-01-31 08:37,200333,0.0
2026-01-31 09:00,200333,0.0
2026-01-31 09:28,200333,0.0
2026-01-31 09:49,200333,0.0
2026-01-31 10:00,200333,0.0
2026-01-31 10:30,200333,0.0
2026-01-31 10:47,200333,0.0
2026-01-31 10:58,200333,0.0
2026-01-31 11:28,200333,0.0
2026-01-31 11:54,200333,0.0
2026-01-31 12:14,200333,0.0
2026-01-31 12:41,200333,0.0
2026-01-31 12:55,200333,0.0
2026-01-31 13:20,200333,0.0
2026-01-31 13:51,200333,0.0
2026-01-31 14:10,200333,0.0
2026-01-31 14:31,200333,0.0
2026-01-31 14:44,200333,0.0
2026-01-31 14:53,200333,0.0
2026-01-31 15:00,200333,0.0
2026-01-31 15:31,200333,0.0
2026-01-31 15:50,200333,0.0
2026-01-31 16:00,200333,0.0
2026-01-31 16:26,200333,0.0
2026-01-31 16:42,200333,0.0
2026-01-31 16:54,200333,0.0
2026-01-31 17:11,200333,0.0
2026-01-31 17:38,200333,0.0
2026-01-31 17:54,200333,0.0
2026-01-31 18:12,200333,0.0
2026-01-31 18:35,200333,0.0
2026-01-31 18:51,200333,0.0
2026-01-31 18:59,200333,0.0
2026-01-31 21:34,200333,0.0
2026-01-31 23:51,200333,0.0
2026-02-01 00:50,200333,0.0
2026-02-01 01:32,200333,0.0
2026-02-01 02:22,200333,0.0
2026-02-01 02:51,200333,0.0
2026-02-01 03:16,200333,0.0
2026-02-01 03:50,200333,0.0
2026-02-01 04:16,200333,0.0
2026-02-01 04:46,200333,0.0
2026-02-01 04:59,200333,0.0
2026-02-01 05:28,200333,0.0
2026-02-01 05:52,200333,0.0
2026-02-01 06:11,200333,0.0
2026-02-01 06:33,200333,0.0
2026-02-01 06:48,200333,0.0
2026-02-01 06:57,200333,0.0
2026-02-01 07:41,200333,0.0
2026-02-01 08:29,200333,0.0
2026-02-01 08:58,200333,0.0
2026-02-01 09:26,200333,0.0
2026-02-01 09:50,200333,0.0
2026-02-01 10:02,200333,0.0
2026-02-01 10:34,200333,0.0
2026-02-01 10:52,200333,0.0
2026-02-01 11:12,200333,0.0
2026-02-01 11:47,200333,0.0
2026-02-01 12:04,200333,0.0
2026-02-01 12:34,200333,0.0
2026-02-01 12:53,200333,0.0
2026-02-01 13:16,200333,0.0
2026-02-01 13:55,200333,0.0
2026-02-01 14:17,200333,0.0
2026-02-01 14:39,200333,0.0
2026-02-01 14:52,200333,0.0
2026-02-01 14:59,200333,0.0
2026-02-01 15:29,200333,0.0
2026-02-01 15:50,200333,0.0
2026-02-01 16:02,200333,0.0
2026-02-01 16:31,200333,0.0
2026-02-01 16:48,200333,0.0
2026-02-01 16:58,200333,0.0
2026-02-01 17:23,200333,0.0
2026-02-01 17:47,200333,0.0
2026-02-01 18:00,200333,0.0
2026-02-01 18:31,200333,0.0
2026-02-01 18:50,200333,0.0
2026-02-01 19:00,200333,0.0
2026-02-01 21:43,200333,0.0
2026-02-01 23:48,200333,0.0
2026-02-02 00:53,200333,0.0
2026-02-02 01:47,200333,0.0
2026-02-02 02:39,200333,0.0
2026-02-02 03:05,200333,0.0
2026-02-02 03:58,200333,0.0
2026-02-02 04:51,200333,0.0
2026-02-02 05:31,200333,0.0
2026-02-02 06:21,200333,0.0
2026-02-02 06:52,200333,0.0
2026-02-02 07:26,200333,0.0
2026-02-02 08:39,200333,0.0
2026-02-02 09:24,200333,0.0
2026-02-02 10:05,200333,0.0
2026-02-02 10:48,200333,0.0
2026-02-02 11:16,200333,0.0
2026-02-02 12:03,200333,0.0
2026-02-02 12:50,200333,0.0
2026-02-02 13:23,200333,0.0
2026-02-02 18:02,200333,0.0
2026-02-02 18:37,200333,0.0
2026-02-02 18:56,200333,0.0
2026-02-02 20:46,200333,0.0
2026-02-02 23:01,200333,0.0
2026-02-03 00:17,200333,0.0
2026-02-03 01:07,200333,0.0
2026-02-03 02:06,200333,0.0
2026-02-03 02:51,200333,0.0
2026-02-03 03:21,200333,0.0
2026-02-03 04:00,200333,0.0
2026-02-03 04:51,200333,0.0
2026-02-03 05:26,200333,0.0
2026-02-03 06:05,200333,0.0
2026-02-03 06:46,200333,0.0
2026-02-03 07:03,200333,0.0
2026-02-03 08:20,200333,0.0
2026-02-03 09:11,200333,0.0
2026-02-03 10:02,200333,0.0
2026-02-03 10:58,200333,0.0
2026-02-03 11:53,200333,0.0
2026-02-03 12:40,200333,0.0
2026-02-03 13:34,200333,0.0
2026-02-03 14:28,200333,0.0
2026-02-03 14:59,200333,0.0
2026-02-03 15:39,200333,0.0
2026-02-03 16:06,200333,0.0
2026-02-03 16:47,200333,0.0
2026-02-03 17:15,200333,0.0
2026-02-03 17:51,200333,0.0
2026-02-03 18:15,200333,0.0
2026-02-03 18:44,200333,0.0
2026-02-03 18:58,200333,0.0
2026-02-03 21:02,200333,0.0
2026-02-03 23:15,200333,0.0
2026-02-04 00:15,200333,0.0
2026-02-04 01:04,200333,0.0
2026-02-04 02:06,200333,0.0
2026-02-04 02:51,200333,0.0
2026-02-04 03:23,200333,0.0
2026-02-04 04:03,200333,0.0
2026-02-04 04:57,200333,0.0
2026-02-04 05:35,200333,0.0
2026-02-04 06:09,200333,0.0
2026-02-04 06:45,200333,0.0
2026-02-04 07:02,200333,0.0
2026-02-04 08:19,200333,0.0
2026-02-04 09:10,200333,0.0
2026-02-04 09:58,200333,0.0
2026-02-04 10:41,200333,0.0
2026-02-04 11:26,200333,0.0
2026-02-04 12:12,200333,0.0
2026-02-04 13:03,200333,0.0
2026-02-04 14:02,200333,0.0
2026-02-04 14:42,200333,0.0
2026-02-04 15:03,200333,0.0
2026-02-04 15:47,200333,0.0
2026-02-04 16:19,200333,0.0
2026-02-04 16:49,200333,0.0
2026-02-04 17:00,200333,0.0
2026-02-04 17:35,200333,0.0
2026-02-04 17:55,200333,0.0
2026-02-04 18:18,200333,0.0
2026-02-04 18:45,200333,0.0
2026-02-04 19:00,200333,0.0
2026-02-04 21:34,200333,0.0
2026-02-04 23:27,200333,0.0
2026-02-05 00:36,200333,0.0
2026-02-05 01:34,200333,0.0
2026-02-05 02:34,200333,0.0
2026-02-05 03:05,200333,0.0
2026-02-05 03:58,200333,0.0
2026-02-05 04:42,200333,0.0
2026-02-05 05:25,200333,0.0
2026-02-05 06:07,200333,0.0
2026-02-05 06:47,200333,0.0
2026-02-05 07:03,200333,0.0
2026-02-05 08:23,200333,0.0
2026-02-05 09:12,200333,0.0
2026-02-05 10:02,200333,0.0
2026-02-05 10:52,200333,0.0
2026-02-05 11:29,200333,0.0
2026-02-05 12:26,200333,0.0
2026-02-05 13:08,200333,0.0
2026-02-05 14:03,200333,0.0
2026-02-05 14:42,200333,0.0
2026-02-05 15:02,200333,0.0
2026-02-05 15:45,200333,0.0
2026-02-05 16:13,200333,0.0
2026-02-05 16:45,200333,0.0
2026-02-05 16:59,200333,0.0
2026-02-05 17:31,200333,0.0
2026-02-05 17:57,200333,0.0
2026-02-05 18:23,200333,0.0
2026-02-05 18:44,200333,0.0
2026-02-05 18:57,200333,0.0
2026-02-05 20:52,200333,0.0
2026-02-05 23:02,200333,0.0
2026-02-06 00:19,200333,0.0
2026-02-06 01:09,200333,0.0
2026-02-06 02:11,200333,0.0
2026-02-06 02:55,200333,0.0
2026-02-06 03:30,200333,0.0
2026-02-06 04:10,200333,0.0
2026-02-06 04:59,200333,0.0
2026-02-06 05:41,200333,0.0
2026-02-06 06:20,200333,0.0
2026-02-06 06:50,200333,0.0
2026-02-06 07:25,200333,0.0
2026-02-06 08:37,200333,0.0
2026-02-06 09:25,200333,0.0
2026-02-06 10:05,200333,0.0
2026-02-06 10:53,200333,0.0
2026-02-06 11:27,200333,0.0
2026-02-06 12:11,200333,0.0
2026-02-06 12:58,200333,0.0
2026-02-06 13:50,200333,0.0
2026-02-06 14:28,200333,0.0
2026-02-06 14:55,200333,0.0
2026-02-06 15:23,200333,0.0
2026-02-06 15:54,200333,0.0
2026-02-06 16:21,200333,0.0
2026-02-06 16:48,200333,0.0
2026-02-06 16:59,200333,0.0
2026-02-06 17:28,200333,0.0
2026-02-06 17:50,200333,0.0
2026-02-06 18:02,200333,0.0
2026-02-06 18:35,200333,0.0
2026-02-06 18:54,200333,0.0
2026-02-06 19:58,200333,0.0
2026-02-06 22:23,200333,0.0
2026-02-06 23:49,200333,0.0
2026-02-07 00:31,200333,0.0
2026-02-07 01:04,200333,0.0
2026-02-07 01:57,200333,0.0
2026-02-07 02:28,200333,0.0
2026-02-07 02:51,200333,0.0
2026-02-07 03:01,200333,0.0
2026-02-07 03:42,200333,0.0
2026-02-07 04:02,200333,0.0
2026-02-07 04:39,200333,0.0
2026-02-07 04:57,200333,0.0
2026-02-07 05:21,200333,0.0
2026-02-07 05:49,200333,0.0
2026-02-07 06:01,200333,0.0
2026-02-07 06:29,200333,0.0
2026-02-07 06:45,200333,0.0
2026-02-07 06:55,200333,0.0
2026-02-07 07:30,200333,0.0
2026-02-07 08:26,200333,0.0
2026-02-07 08:57,200333,0.0
2026-02-07 09:24,200333,0.0
2026-02-07 09:48,200333,0.0
2026-02-07 10:02,200333,0.0
2026-02-07 10:34,200333,0.0
2026-02-07 10:52,200333,0.0
2026-02-07 11:01,200333,0.0
2026-02-07 11:41,200333,0.0
2026-02-07 12:01,200333,0.0
2026-02-07 12:32,200333,0.0
2026-02-07 12:53,200333,0.0
2026-02-07 13:15,200333,0.0
2026-02-07 13:55,200333,0.0
2026-02-07 14:17,200333,0.0
2026-02-07 14:39,200333,0.0
2026-02-07 14:51,200333,0.0
2026-02-07 14:59,200333,0.0
2026-02-07 15:28,200333,0.0
2026-02-07 15:51,200333,0.0
2026-02-07 16:13,200333,0.0
2026-02-07 16:41,200333,0.0
2026-02-07 16:56,200333,0.0
2026-02-07 17:20,200333,0.0
2026-02-07 17:49,200333,0.0
2026-02-07 18:14,200333,0.0
2026-02-07 18:47,200333,0.0
2026-02-07 19:04,200333,0.0
2026-02-07 22:29,200333,0.0
2026-02-08 00:13,200333,0.0
2026-02-08 01:07,200333,0.0
2026-02-08 02:04,200333,0.0
2026-02-08 02:44,200333,0.0
2026-02-08 03:00,200333,0.0
2026-02-08 03:40,200333,0.0
2026-02-08 04:02,200333,0.0
2026-02-08 04:39,200333,0.0
2026-02-08 04:57,200333,0.0
2026-02-08 05:22,200333,0.0
2026-02-08 05:50,200333,0.0
2026-02-08 06:11,200333,0.0
2026-02-08 06:34,200333,0.0
2026-02-08 06:49,200333,0.0
2026-02-08 06:58,200333,0.0
2026-02-08 07:48,200333,0.0
2026-02-08 08:35,200333,0.0
2026-02-08 09:03,200333,0.0
2026-02-08 09:38,200333,0.0
2026-02-08 09:58,200333,0.0
2026-02-08 10:24,200333,0.0
2026-02-08 10:46,200333,0.0
2026-02-08 11:00,200333,0.0
2026-02-08 11:38,200333,0.0
2026-02-08 12:00,200333,0.0
2026-02-08 12:31,200333,0.0
2026-02-08 12:54,200333,0.0
2026-02-08 13:19,200333,0.0
2026-02-08 13:57,200333,0.0
2026-02-08 14:21,200333,0.0
2026-02-08 14:42,200333,0.0
2026-02-08 14:54,200333,0.0
2026-02-08 15:13,200333,0.0
2026-02-08 15:44,200333,0.0
2026-02-08 16:01,200333,0.0
2026-02-08 16:34,200333,0.0
2026-02-08 16:54,200333,0.0
2026-02-08 17:15,200333,0.0
2026-02-08 17:48,200333,0.0
2026-02-08 18:15,200333,0.0
2026-02-08 18:46,200333,0.0
2026-02-08 19:01,200333,0.0
2026-02-08 21:51,200333,0.0
2026-02-08 23:52,200333,0.0
2026-02-09 00:59,200333,0.0
2026-02-09 02:05,200333,0.0
2026-02-09 03:01,200333,0.0
2026-02-09 04:02,200333,0.0
2026-02-09 05:10,200333,0.0
2026-02-09 06:09,200333,0.0
2026-02-09 06:54,200333,0.0
2026-02-09 07:40,200333,0.0
2026-02-09 08:59,200333,0.0
2026-02-09 09:53,200333,0.0
2026-02-09 10:40,200333,0.0
2026-02-09 11:41,200333,0.0
2026-02-09 12:34,200333,0.0
2026-02-09 13:30,200333,0.0
2026-02-09 14:46,200333,0.0
2026-02-09 15:23,200333,0.0
2026-02-09 16:01,200333,0.0
2026-02-09 16:48,200333,0.0
2026-02-09 17:21,200333,0.0
2026-02-09 18:00,200333,0.0
2026-02-09 18:43,200333,0.0
2026-02-09 19:05,200333,0.0
2026-02-09 22:24,200333,0.0
2026-02-10 00:14,200333,0.0
2026-02-10 01:18,200333,0.0
2026-02-10 02:33,200333,0.0
2026-02-10 03:09,200333,0.0
2026-02-10 04:09,200333,0.0
2026-02-10 05:10,200333,0.0
2026-02-10 06:10,200333,0.0
2026-02-10 06:58,200333,0.0
2026-02-10 08:13,200333,0.0
2026-02-10 09:38,200333,0.0
2026-02-10 10:45,200333,0.0
2026-02-10 11:44,200333,0.0
2026-02-10 12:45,200333,0.0
2026-02-10 13:42,200333,0.0
2026-02-10 14:45,200333,0.0
2026-02-10 15:26,200333,0.0
2026-02-10 16:07,200333,0.0
2026-02-10 16:56,200333,0.0
2026-02-10 17:33,200333,0.0
2026-02-10 18:10,200333,0.0
2026-02-10 18:53,200333,0.0
2026-02-10 20:04,200333,0.0
2026-02-10 22:52,200333,0.0
2026-02-11 00:21,200333,0.0
2026-02-11 01:36,200333,0.0
2026-02-11 02:38,200333,0.0
2026-02-11 03:25,200333,0.0
2026-02-11 04:11,200333,0.0
2026-02-11 05:09,200333,0.0
2026-02-11 06:06,200333,0.0
2026-02-11 06:54,200333,0.0
2026-02-11 07:37,200333,0.0
2026-02-11 08:59,200333,0.0
2026-02-11 09:57,200333,0.0
2026-02-11 10:57,200333,0.0
2026-02-11 12:00,200333,0.0
2026-02-11 13:01,200333,0.0
2026-02-11 14:13,200333,0.0
2026-02-11 14:58,200333,0.0
2026-02-11 15:37,200333,0.0
2026-02-11 16:08,200333,0.0
2026-02-11 16:47,200333,0.0
2026-02-11 17:03,200333,0.0
2026-02-11 17:41,200333,0.0
2026-02-11 18:03,200333,0.0
2026-02-11 18:41,200333,0.0
2026-02-11 18:58,200333,0.0
2026-02-11 21:05,200333,0.0
2026-02-11 23:30,200333,0.0
2026-02-12 00:48,200333,0.0
2026-02-12 01:43,200333,0.0
2026-02-12 02:39,200333,0.0
2026-02-12 03:08,200333,0.0
2026-02-12 04:03,200333,0.0
2026-02-12 05:00,200333,0.0
2026-02-12 05:53,200333,0.0
2026-02-12 06:30,200333,0.0
2026-02-12 07:01,200333,0.0
2026-02-12 08:38,200333,0.0
2026-02-12 09:33,200333,0.0
2026-02-12 10:28,200333,0.0
2026-02-12 11:30,200333,0.0
2026-02-12 12:35,200333,0.0
2026-02-12 13:32,200333,0.0
2026-02-12 14:33,200333,0.0
2026-02-12 14:58,200333,0.0
2026-02-12 15:35,200333,0.0
2026-02-12 16:02,200333,0.0
2026-02-12 16:43,200333,0.0
2026-02-12 17:02,200333,0.0
2026-02-12 17:40,200333,0.0
2026-02-12 18:01,200333,0.0
2026-02-12 18:37,200333,0.0
2026-02-12 18:57,200333,0.0
2026-02-12 21:05,200333,0.0
2026-02-12 23:27,200333,0.0
2026-02-13 00:42,200333,0.0
2026-02-13 01:39,200333,0.0
2026-02-13 02:36,200333,0.0
2026-02-13 03:07,200333,0.0
2026-02-13 03:58,200333,0.0
2026-02-13 04:43,200333,0.0
2026-02-13 05:24,200333,0.0
2026-02-13 06:06,200333,0.0
2026-02-13 06:40,200333,0.0
2026-02-13 06:59,200333,0.0
2026-02-13 08:05,200333,0.0
2026-02-13 09:06,200333,0.0
2026-02-13 09:56,200333,0.0
2026-02-13 10:36,200333,0.0
2026-02-13 11:23,200333,0.0
2026-02-13 12:10,200333,0.0
2026-02-13 12:54,200333,0.0
2026-02-13 13:32,200333,0.0
2026-02-13 14:26,200333,0.0
2026-02-13 15:00,200333,0.0
2026-02-13 15:42,200333,0.0
2026-02-13 16:18,200333,0.0
2026-02-13 16:53,200333,0.0
2026-02-13 17:19,200333,0.0
2026-02-13 17:54,200333,0.0
2026-02-13 18:21,200333,0.0
2026-02-13 18:48,200333,0.0
2026-02-13 19:02,200333,0.0
2026-02-13 21:46,200333,0.0
2026-02-13 23:23,200333,0.0
2026-02-14 00:26,200333,0.0
2026-02-14 01:03,200333,0.0
2026-02-14 01:59,200333,0.0
2026-02-14 02:34,200333,0.0
2026-02-14 02:55,200333,0.0
2026-02-14 03:22,200333,0.0
2026-02-14 03:52,200333,0.0
2026-02-14 04:17,200333,0.0
2026-02-14 04:48,200333,0.0
2026-02-14 05:00,200333,0.0
2026-02-14 05:32,200333,0.0
2026-02-14 05:55,200333,0.0
2026-02-14 06:16,200333,0.0
2026-02-14 06:37,200333,0.0
2026-02-14 06:51,200333,0.0
2026-02-14 06:59,200333,0.0
2026-02-14 07:54,200333,0.0
2026-02-14 08:36,200333,0.0
2026-02-14 09:02,200333,0.0
2026-02-14 09:36,200333,0.0
2026-02-14 09:56,200333,0.0
2026-02-14 10:20,200333,0.0
2026-02-14 10:44,200333,0.0
2026-02-14 10:58,200333,0.0
2026-02-14 11:31,200333,0.0
2026-02-14 11:57,200333,0.0
2026-02-14 12:22,200333,0.0
2026-02-14 12:46,200333,0.0
2026-02-14 12:58,200333,0.0
2026-02-14 13:34,200333,0.0
2026-02-14 14:02,200333,0.0
2026-02-14 14:31,200333,0.0
2026-02-14 14:47,200333,0.0
2026-02-14 14:56,200333,0.0
2026-02-14 15:20,200333,0.0
2026-02-14 15:45,200333,0.0
2026-02-14 16:00,200333,0.0
2026-02-14 16:29,200333,0.0
2026-02-14 16:47,200333,0.0
2026-02-14 16:58,200333,0.0
2026-02-14 17:22,200333,0.0
2026-02-14 17:46,200333,0.0
2026-02-14 17:59,200333,0.0
2026-02-14 18:28,200333,0.0
2026-02-14 18:47,200333,0.0
2026-02-14 18:59,200333,0.0
2026-02-14 21:33,200333,0.0
2026-02-14 23:34,200333,0.0
2026-02-15 00:41,200333,0.0
2026-02-15 01:31,200333,0.0
2026-02-15 02:22,200333,0.0
2026-02-15 02:52,200333,0.0
2026-02-15 03:16,200333,0.0
2026-02-15 03:51,200333,0.0
2026-02-15 04:17,200333,0.0
2026-02-15 04:48,200333,0.0
2026-02-15 05:00,200333,0.0
2026-02-15 05:33,200333,0.0
2026-02-15 05:56,200333,0.0
2026-02-15 06:17,200333,0.0
2026-02-15 06:39,200333,0.0
2026-02-15 06:52,200333,0.0
2026-02-15 06:59,200333,0.0
2026-02-15 07:58,200333,0.0
2026-02-15 08:45,200333,0.0
2026-02-15 09:14,200333,0.0
2026-02-15 09:46,200333,0.0
2026-02-15 10:02,200333,0.0
2026-02-15 10:33,200333,0.0
2026-02-15 10:52,200333,0.0
2026-02-15 11:01,200333,0.0
2026-02-15 11:39,200333,0.0
2026-02-15 12:00,200333,0.0
2026-02-15 12:30,200333,0.0
2026-02-15 12:52,200333,0.0
2026-02-15 13:16,200333,0.0
2026-02-15 13:55,200333,0.0
2026-02-15 14:19,200333,0.0
2026-02-15 14:41,200333,0.0
2026-02-15 14:53,200333,0.0
2026-02-15 15:11,200333,0.0
2026-02-15 15:43,200333,0.0
2026-02-15 15:59,200333,0.0
2026-02-15 16:26,200333,0.0
2026-02-15 16:46,200333,0.0
2026-02-15 16:58,200333,0.0
2026-02-15 17:23,200333,0.0
2026-02-15 17:47,200333,0.0
2026-02-15 18:01,200333,0.0
2026-02-15 18:35,200333,0.0
2026-02-15 18:54,200333,0.0
2026-02-15 20:07,200333,0.0
2026-02-15 22:48,200333,0.0
2026-02-16 00:19,200333,0.0
2026-02-16 01:17,200333,0.0
2026-02-16 02:32,200333,0.0
2026-02-16 03:06,200333,0.0
2026-02-16 04:02,200333,0.0
2026-02-16 05:03,200333,0.0
2026-02-16 05:59,200333,0.0
2026-02-16 06:41,200333,0.0
2026-02-16 07:03,200333,0.0
2026-02-16 08:23,200333,0.0
2026-02-16 09:13,200333,0.0
2026-02-16 10:00,200333,0.0
2026-02-16 10:49,200333,0.0
2026-02-16 11:25,200333,0.0
2026-02-16 12:08,200333,0.0
2026-02-16 12:52,200333,0.0
2026-02-16 13:25,200333,0.0
2026-02-16 14:06,200333,0.0
2026-02-16 14:41,200333,0.0
2026-02-16 14:58,200333,0.0
2026-02-16 15:29,200333,0.0
2026-02-16 15:56,200333,0.0
2026-02-16 16:23,200333,0.0
2026-02-16 16:48,200333,0.0
2026-02-16 17:02,200333,0.0
2026-02-16 17:38,200333,0.0
2026-02-16 18:00,200333,0.0
2026-02-16 18:34,200333,0.0
2026-02-16 18:55,200333,0.0
2026-02-16 20:24,200333,0.0
2026-02-16 22:55,200333,0.0
2026-02-17 00:17,200333,0.0
2026-02-17 01:12,200333,0.0
2026-02-17 02:15,200333,0.0
2026-02-17 02:58,200333,0.0
2026-02-17 03:49,200333,0.0
2026-02-17 04:33,200333,0.0
2026-02-17 05:27,200333,0.0
2026-02-17 06:11,200333,0.0
2026-02-17 06:53,200333,0.0
2026-02-17 07:30,200333,0.0
2026-02-17 08:46,200333,0.0
2026-02-17 09:34,200333,0.0
2026-02-17 10:29,200333,0.0
2026-02-17 11:29,200333,0.0
2026-02-17 12:32,200333,0.0
2026-02-17 13:30,200333,0.0
2026-02-17 14:28,200333,0.0
2026-02-17 14:58,200333,0.0
2026-02-17 15:39,200333,0.0
2026-02-17 16:07,200333,0.0
2026-02-17 16:46,200333,0.0
2026-02-17 17:03,200333,0.0
2026-02-17 17:44,200333,0.0
2026-02-17 18:02,200333,0.0
2026-02-17 18:38,200333,0.0
2026-02-17 18:58,200333,0.0
2026-02-17 21:08,200333,0.0
2026-02-17 23:28,200333,0.0
2026-02-18 00:43,200333,0.0
2026-02-18 01:42,200333,0.0
2026-02-18 02:37,200333,0.0
2026-02-18 03:07,200333,0.0
2026-02-18 04:00,200333,0.0
2026-02-18 04:57,200333,0.0
2026-02-18 05:39,200333,0.0
2026-02-18 06:25,200333,0.0
2026-02-18 06:58,200333,0.0
2026-02-18 08:03,200333,0.0
2026-02-18 09:11,200333,0.0
2026-02-18 10:02,200333,0.0
2026-02-18 11:01,200333,0.0
2026-02-18 12:12,200333,0.0
2026-02-18 13:01,200333,0.0
2026-02-18 14:06,200333,0.0
2026-02-18 14:53,200333,0.0
2026-02-18 15:23,200333,0.0
2026-02-18 16:00,200333,0.0
2026-02-18 16:40,200333,0.0
2026-02-18 17:02,200333,0.0
2026-02-18 17:42,200333,0.0
2026-02-18 18:03,200333,0.0
2026-02-18 18:39,200333,0.0
2026-02-18 18:58,200333,0.0
2026-02-18 21:08,200333,0.0
2026-02-18 23:26,200333,0.0
2026-02-19 00:41,200333,0.0
2026-02-19 01:40,200333,0.0
2026-02-19 02:36,200333,0.0
2026-02-19 03:06,200333,0.0
2026-02-19 04:00,200333,0.0
2026-02-19 04:53,200333,0.0
2026-02-19 05:30,200333,0.0
2026-02-19 06:22,200333,0.0
2026-02-19 06:57,200333,0.0
2026-02-19 07:57,200333,0.0
2026-02-19 09:07,200333,0.0
2026-02-19 10:02,200333,0.0
2026-02-19 10:58,200333,0.0
2026-02-19 11:52,200333,0.0
2026-02-19 12:39,200333,0.0
2026-02-19 13:32,200333,0.0
2026-02-19 14:24,200333,0.0
2026-02-19 14:53,200333,0.0
2026-02-19 15:18,200333,0.0
2026-02-19 15:51,200333,0.0
2026-02-19 16:18,200333,0.0
2026-02-19 16:51,200333,0.0
2026-02-19 17:16,200333,0.0
2026-02-19 17:52,200333,0.0
2026-02-19 18:17,200333,0.0
2026-02-19 18:47,200333,0.0
2026-02-19 19:01,200333,0.0
2026-02-19 21:44,200333,0.0
2026-02-19 23:27,200333,0.0
2026-02-20 00:35,200333,0.0
2026-02-20 01:31,200333,0.0
2026-02-20 02:31,200333,0.0
2026-02-20 03:03,200333,0.0
2026-02-20 03:54,200333,0.0
2026-02-20 04:29,200333,0.0
2026-02-20 05:04,200333,0.0
2026-02-20 05:52,200333,0.0
2026-02-20 06:21,200333,0.0
2026-02-20 06:48,200333,0.0
2026-02-20 07:03,200333,0.0
2026-02-20 08:19,200333,0.0
2026-02-20 09:07,200333,0.0
2026-02-20 09:55,200333,0.0
2026-02-20 10:31,200333,0.0
2026-02-20 11:03,200333,0.0
2026-02-20 11:53,200333,0.0
2026-02-20 12:26,200333,0.0
2026-02-20 13:00,200333,0.0
2026-02-20 13:57,200333,0.0
2026-02-20 14:34,200333,0.0
2026-02-20 14:56,200333,0.0
2026-02-20 15:22,200333,0.0
2026-02-20 15:50,200333,0.0
2026-02-20 16:03,200333,0.0
2026-02-20 16:34,200333,0.0
2026-02-20 16:52,200333,0.0
2026-02-20 17:00,200333,0.0
2026-02-20 17:34,200333,0.0
2026-02-20 17:58,200333,0.0
2026-02-20 18:27,200333,0.0
2026-02-20 18:51,200333,0.0
2026-02-20 19:52,200333,0.0
2026-02-20 22:12,200333,0.0
2026-02-20 23:46,200333,0.0
2026-02-21 00:32,200333,0.0
2026-02-21 01:04,200333,0.0
2026-02-21 01:56,200333,0.0
2026-02-21 02:28,200333,0.0
2026-02-21 02:51,200333,0.0
2026-02-21 03:01,200333,0.0
2026-02-21 03:40,200333,0.0
2026-02-21 04:01,200333,0.0
2026-02-21 04:37,200333,0.0
2026-02-21 04:55,200333,0.0
2026-02-21 05:16,200333,0.0
2026-02-21 05:46,200333,0.0
2026-02-21 06:00,200333,0.0
2026-02-21 06:27,200333,0.0
2026-02-21 06:43,200333,0.0
2026-02-21 06:55,200333,0.0
2026-02-21 07:28,200333,0.0
2026-02-21 08:24,200333,0.0
2026-02-21 08:55,200333,0.0
2026-02-21 09:18,200333,0.0
2026-02-21 09:46,200333,0.0
2026-02-21 10:00,200333,0.0
2026-02-21 10:31,200333,0.0
2026-02-21 10:50,200333,0.0
2026-02-21 11:00,200333,0.0
2026-02-21 11:37,200333,0.0
2026-02-21 11:59,200333,0.0
2026-02-21 12:26,200333,0.0
2026-02-21 12:49,200333,0.0
2026-02-21 13:00,200333,0.0
2026-02-21 13:42,200333,0.0
2026-02-21 14:04,200333,0.0
2026-02-21 14:33,200333,0.0
2026-02-21 14:48,200333,0.0
2026-02-21 14:57,200333,0.0
2026-02-21 15:19,200333,0.0
2026-02-21 15:43,200333,0.0
2026-02-21 15:57,200333,0.0
2026-02-21 16:20,200333,0.0
2026-02-21 16:41,200333,0.0
2026-02-21 16:54,200333,0.0
2026-02-21 17:13,200333,0.0
2026-02-21 17:42,200333,0.0
2026-02-21 17:58,200333,0.0
2026-02-21 18:22,200333,0.0
2026-02-21 18:42,200333,0.0
2026-02-21 18:55,200333,0.0
2026-02-21 20:21,200333,0.0
2026-02-21 22:44,200333,0.0
2026-02-22 00:08,200333,0.0
2026-02-22 01:02,200333,0.0
2026-02-22 01:59,200333,0.0
2026-02-22 02:37,200333,0.0
2026-02-22 02:57,200333,0.0
2026-02-22 03:29,200333,0.0
2026-02-22 03:57,200333,0.0
2026-02-22 04:27,200333,0.0
2026-02-22 04:52,200333,0.0
2026-02-22 05:11,200333,0.0
2026-02-22 05:44,200333,0.0
2026-02-22 05:59,200333,0.0
2026-02-22 06:24,200333,0.0
2026-02-22 06:41,200333,0.0
2026-02-22 06:53,200333,0.0
2026-02-22 07:19,200333,0.0
2026-02-22 08:13,200333,0.0
2026-02-22 08:52,200333,0.0
2026-02-22 09:13,200333,0.0
2026-02-22 09:44,200333,0.0
2026-02-22 09:59,200333,0.0
2026-02-22 10:28,200333,0.0
2026-02-22 10:49,200333,0.0
2026-02-22 11:00,200333,0.0
2026-02-22 11:37,200333,0.0
2026-02-22 11:59,200333,0.0
2026-02-22 12:27,200333,0.0
2026-02-22 12:50,200333,0.0
2026-02-22 13:01,200333,0.0
2026-02-22 13:46,200333,0.0
2026-02-22 14:13,200333,0.0
2026-02-22 14:37,200333,0.0
2026-02-22 14:51,200333,0.0
2026-02-22 14:59,200333,0.0
2026-02-22 15:28,200333,0.0
2026-02-22 15:51,200333,0.0
2026-02-22 16:11,200333,0.0
2026-02-22 16:37,200333,0.0
2026-02-22 16:52,200333,0.0
2026-02-22 17:00,200333,0.0
2026-02-22 17:29,200333,0.0
2026-02-22 17:52,200333,0.0
2026-02-22 18:12,200333,0.0
2026-02-22 18:40,200333,0.0
2026-02-22 18:56,200333,0.0
2026-02-22 20:43,200333,0.0
2026-02-22 23:08,200333,0.0
2026-02-23 00:41,200333,0.0
2026-02-23 01:44,200333,0.0
2026-02-23 02:42,200333,0.0
2026-02-23 03:27,200333,0.0
2026-02-23 04:12,200333,0.0
2026-02-23 05:11,200333,0.0
2026-02-23 06:05,200333,0.0
2026-02-23 06:49,200333,0.0
2026-02-23 07:30,200333,0.0
2026-02-23 08:48,200333,0.0
2026-02-23 09:35,200333,0.0
2026-02-23 10:27,200333,0.0
2026-02-23 11:11,200333,0.0
2026-02-23 12:16,200333,0.0
2026-02-23 13:11,200333,0.0
2026-02-23 14:21,200333,0.0
2026-02-23 15:04,200333,0.0
2026-02-23 15:57,200333,0.0
2026-02-23 16:40,200333,0.0
2026-02-23 17:24,200333,0.0
2026-02-23 18:05,200333,0.0
2026-02-23 18:42,200333,0.0
2026-02-23 18:59,200333,0.0
2026-02-23 21:26,200333,0.0
2026-02-23 23:28,200333,0.0
2026-02-24 00:41,200333,0.0
2026-02-24 01:39,200333,0.0
2026-02-24 02:36,200333,0.0
2026-02-24 03:08,200333,0.0
2026-02-24 04:03,200333,0.0
2026-02-24 05:02,200333,0.0
2026-02-24 05:57,200333,0.0
2026-02-24 06:39,200333,0.0
2026-02-24 07:05,200333,0.0
2026-02-24 08:39,200333,0.0
2026-02-24 09:36,200333,0.0
2026-02-24 10:33,200333,0.0
2026-02-24 11:38,200333,0.0
2026-02-24 12:38,200333,0.0
2026-02-24 13:35,200333,0.0
2026-02-24 14:33,200333,0.0
2026-02-24 14:59,200333,0.0
2026-02-24 15:39,200333,0.0
2026-02-24 16:06,200333,0.0
2026-02-24 16:48,200333,0.0
2026-02-24 17:17,200333,0.0
2026-02-24 17:54,200333,0.0
2026-02-24 18:21,200333,0.0
2026-02-24 18:50,200333,0.0
2026-02-24 19:59,200333,0.0
2026-02-24 22:36,200333,0.0
2026-02-25 00:13,200333,0.0
2026-02-25 01:15,200333,0.0
2026-02-25 02:17,200333,0.0
2026-02-25 03:02,200333,0.0
2026-02-25 04:00,200333,0.0
2026-02-25 05:00,200333,0.0
2026-02-25 05:55,200333,0.0
2026-02-25 06:34,200333,0.0
2026-02-25 07:03,200333,0.0
2026-02-25 08:37,200333,0.0
2026-02-25 09:33,200333,0.0
2026-02-25 10:35,200333,0.0
2026-02-25 11:44,200333,0.0
2026-02-25 12:42,200333,0.0
2026-02-25 13:40,200333,0.0
2026-02-25 14:37,200333,0.0
2026-02-25 15:02,200333,0.0
2026-02-25 15:46,200333,0.0
2026-02-25 16:19,200333,0.0
2026-02-25 16:50,200333,0.0
2026-02-25 17:16,200333,0.0
2026-02-25 17:53,200333,0.0
2026-02-25 18:17,200333,0.0
2026-02-25 18:45,200333,0.0
2026-02-25 19:01,200333,0.0
2026-02-25 21:43,200333,0.0
2026-02-25 23:29,200333,0.0
2026-02-26 00:40,200333,0.0
2026-02-26 01:37,200333,0.0
2026-02-26 02:36,200333,0.0
2026-02-26 03:07,200333,0.0
2026-02-26 04:02,200333,0.0
2026-02-26 04:59,200333,0.0
2026-02-26 05:49,200333,0.0
2026-02-26 06:29,200333,0.0
2026-02-26 07:01,200333,0.0
2026-02-26 08:22,200333,0.0
2026-02-26 09:15,200333,0.0
2026-02-26 10:06,200333,0.0
2026-02-26 11:06,200333,0.0
2026-02-26 12:13,200333,0.0
2026-02-26 13:04,200333,0.0
2026-02-26 14:05,200333,0.0
2026-02-26 14:50,200333,0.0
2026-02-26 15:20,200333,0.0
2026-02-26 15:58,200333,0.0
2026-02-26 16:32,200333,0.0
2026-02-26 16:57,200333,0.0
2026-02-26 17:30,200333,0.0
2026-02-26 18:01,200333,0.0
2026-02-26 18:38,200333,0.0
2026-02-26 18:57,200333,0.0
2026-02-26 20:51,200333,0.0
2026-02-26 22:59,200333,0.0
2026-02-27 00:15,200333,0.0
2026-02-27 01:06,200333,0.0
2026-02-27 02:09,200333,0.0
2026-02-27 02:53,200333,0.0
2026-02-27 03:25,200333,0.0
2026-02-27 04:04,200333,0.0
2026-02-27 04:55,200333,0.0
2026-02-27 05:29,200333,0.0
2026-02-27 06:05,200333,0.0
2026-02-27 06:41,200333,0.0
2026-02-27 06:59,200333,0.0
2026-02-27 08:04,200333,0.0
2026-02-27 09:03,200333,0.0
2026-02-27 09:51,200333,0.0
2026-02-27 10:26,200333,0.0
2026-02-27 10:56,200333,0.0
2026-02-27 11:35,200333,0.0
2026-02-27 12:06,200333,0.0
2026-02-27 12:50,200333,0.0
2026-02-27 13:22,200333,0.0
2026-02-27 14:05,200333,0.0
2026-02-27 14:41,200333,0.0
2026-02-27 14:59,200333,0.0
2026-02-27 15:29,200333,0.0
2026-02-27 15:53,200333,0.0
2026-02-27 16:15,200333,0.0
2026-02-27 16:45,200333,0.0
2026-02-27 16:58,200333,0.0
2026-02-27 17:24,200333,0.0
2026-02-27 17:47,200333,0.0
2026-02-27 18:00,200333,0.0
2026-02-27 18:29,200333,0.0
2026-02-27 18:47,200333,0.0
2026-02-27 18:59,200333,0.0
2026-02-27 20:58,200333,0.0
2026-02-27 22:55,200333,0.0
2026-02-27 23:48,200333,0.0
2026-02-28 00:22,200333,0.0
2026-02-28 00:51,200333,0.0
